BEGIN TRANSACTION;
DELETE FROM sqlite_sequence;
INSERT INTO "sqlite_sequence" VALUES('Config',5);
INSERT INTO "sqlite_sequence" VALUES('Test',12);
INSERT INTO "sqlite_sequence" VALUES('Tag',6);
INSERT INTO "sqlite_sequence" VALUES('Result',910);
CREATE TABLE Config (id INTEGER PRIMARY KEY AUTOINCREMENT, name TEXT, owner TEXT, model TEXT, processor TEXT, processor_count INTEGER, memory INTEGER, os TEXT, compiler TEXT);
INSERT INTO "Config" VALUES(1,'khepri','Paul Gregory','Dell Precision Workstation 670','x86 Family 15 Model 4 Stepping 1, GenuineIntel ~3192MHz',2,1022,'Microsoft Windows XP Professional (5.1.2600 Service Pack 2 Build 2600)','Microsoft Visual Studio 2005 [Express Edition] (Version 8.0.50727.762 (SP.050727-7600))');
INSERT INTO "Config" VALUES(2,'trinity','Leon Tony Atkinson','Mac mini','PowerPC G4 (1.2), 1.42GHz',1,256,'Mac OSX 10.4.11 (8S165)','GCC Version 4.0.0 (Apple Computer, Inc. build 5026)');
INSERT INTO "Config" VALUES(3,'osiris','Paul Gregory','Dell Precision M50','Mobile Intel(R) Pentium(R) 4 - M CPU 2.00GHz (512KB cache)',1,768,'Linux version 2.6.24-23-generic (buildd@vernadsky)','gcc (GCC) 4.2.4 (Ubuntu 4.2.4-1ubuntu3)');
INSERT INTO "Config" VALUES(4,'niobe','Leon Tony Atkinson','Mac mini','Intel Core 2 Duo (1.8), 1.83GHz',2,2048,'Mac OSX 10.5.6 (9G55)','GCC Version 4.0.1');
INSERT INTO "Config" VALUES(5,'cuboctahedron','Chris Foster','Custom','AMD Athlon(tm) 64 Processor 3000+ (2000MHz)',1,1024,'64 bit linux (currently running kernel 2.6.25-gentoo-r5)','g++ (GCC) 4.1.2 (Gentoo 4.1.2 p1.1)');
CREATE TABLE Test (id INTEGER PRIMARY KEY AUTOINCREMENT, title TEXT, notes TEXT, label TEXT);
INSERT INTO "Test" VALUES(1,'capsules.rib','This file comes from the jrMan distribution','capsules');
INSERT INTO "Test" VALUES(2,'makehuman.rib','This file comes from the MakeHuman project','makehuman');
INSERT INTO "Test" VALUES(3,'250mm.rib','','250mm');
INSERT INTO "Test" VALUES(4,'25mm.rib','','25mm');
INSERT INTO "Test" VALUES(5,'0mm.rib','','0mm');
INSERT INTO "Test" VALUES(6,'killeroo-subd-1k-rib.rib','Model, textures and shaders courtesy of headus.','killeroo');
INSERT INTO "Test" VALUES(7,'smoky.rib','','smoky');
INSERT INTO "Test" VALUES(8,'petunia.rib','Model courtesy of Macouno http://www.aliendesk.com, motion capture courtesy of http://www.mocapdata.com, exported from Blender using Mosaic.','petunia');
INSERT INTO "Test" VALUES(9,'depthcomplexity10.rib','','depth complexity 10');
INSERT INTO "Test" VALUES(10,'depthcomplexity30.rib','','depth complexity 30');
INSERT INTO "Test" VALUES(11,'depthcomplexity100.rib','','depth complexity 100');
INSERT INTO "Test" VALUES(12,'depthcomplexityRand.rib','','depth complexity rand');
CREATE TABLE Tag (id INTEGER PRIMARY KEY AUTOINCREMENT, name TEXT, position INTEGER DEFAULT 0);
INSERT INTO "Tag" VALUES(1,'1.2.0',1);
INSERT INTO "Tag" VALUES(2,'1.4.1',2);
INSERT INTO "Tag" VALUES(3,'Beaker-1',3);
INSERT INTO "Tag" VALUES(4,'Beaker-2',4);
INSERT INTO "Tag" VALUES(5,'Beaker-3',5);
INSERT INTO "Tag" VALUES(6,'Beaker-4',6);
CREATE TABLE Result (id INTEGER PRIMARY KEY AUTOINCREMENT, test_id INT REFERENCES Test(id) ON DELETE SET NULL, config_id INT REFERENCES Config(id) ON DELETE SET NULL, tag_id INT REFERENCES Tag(id) ON DELETE SET NULL, time REAL);
INSERT INTO "Result" VALUES(114,1,3,2,236.0);
INSERT INTO "Result" VALUES(115,2,3,2,398.0);
INSERT INTO "Result" VALUES(116,3,3,2,281.0);
INSERT INTO "Result" VALUES(117,4,3,2,59.0);
INSERT INTO "Result" VALUES(118,5,3,2,13.0);
INSERT INTO "Result" VALUES(119,6,3,2,24.0);
INSERT INTO "Result" VALUES(120,7,3,2,198.0);
INSERT INTO "Result" VALUES(121,8,3,2,232.0);
INSERT INTO "Result" VALUES(122,9,3,2,7.4);
INSERT INTO "Result" VALUES(123,10,3,2,19.0);
INSERT INTO "Result" VALUES(124,11,3,2,16.0);
INSERT INTO "Result" VALUES(125,12,3,2,43.0);
INSERT INTO "Result" VALUES(126,1,3,3,314.0);
INSERT INTO "Result" VALUES(127,2,3,3,417.0);
INSERT INTO "Result" VALUES(128,3,3,3,106.0);
INSERT INTO "Result" VALUES(129,4,3,3,32.0);
INSERT INTO "Result" VALUES(130,5,3,3,17.0);
INSERT INTO "Result" VALUES(131,6,3,3,26.0);
INSERT INTO "Result" VALUES(132,7,3,3,166.0);
INSERT INTO "Result" VALUES(133,8,3,3,261.0);
INSERT INTO "Result" VALUES(134,9,3,3,11.0);
INSERT INTO "Result" VALUES(135,10,3,3,33.0);
INSERT INTO "Result" VALUES(136,11,3,3,45.0);
INSERT INTO "Result" VALUES(137,12,3,3,65.0);
INSERT INTO "Result" VALUES(138,1,3,5,143.0);
INSERT INTO "Result" VALUES(139,2,3,5,806.0);
INSERT INTO "Result" VALUES(140,3,3,5,41.0);
INSERT INTO "Result" VALUES(141,4,3,5,18.0);
INSERT INTO "Result" VALUES(142,5,3,5,10.0);
INSERT INTO "Result" VALUES(143,6,3,5,31.0);
INSERT INTO "Result" VALUES(144,7,3,5,160.0);
INSERT INTO "Result" VALUES(145,8,3,5,121.0);
INSERT INTO "Result" VALUES(146,1,4,2,129.0);
INSERT INTO "Result" VALUES(147,2,4,2,254.0);
INSERT INTO "Result" VALUES(148,3,4,2,114.0);
INSERT INTO "Result" VALUES(149,4,4,2,30.0);
INSERT INTO "Result" VALUES(150,5,4,2,6.0);
INSERT INTO "Result" VALUES(151,6,4,2,12.0);
INSERT INTO "Result" VALUES(152,7,4,2,109.0);
INSERT INTO "Result" VALUES(153,8,4,2,107.0);
INSERT INTO "Result" VALUES(154,9,4,2,3.0);
INSERT INTO "Result" VALUES(155,10,4,2,8.5);
INSERT INTO "Result" VALUES(156,11,4,2,7.3);
INSERT INTO "Result" VALUES(157,12,4,2,18.0);
INSERT INTO "Result" VALUES(158,1,4,3,120.0);
INSERT INTO "Result" VALUES(159,2,4,3,203.0);
INSERT INTO "Result" VALUES(160,3,4,3,48.0);
INSERT INTO "Result" VALUES(161,4,4,3,14.0);
INSERT INTO "Result" VALUES(162,5,4,3,6.6);
INSERT INTO "Result" VALUES(163,6,4,3,13.0);
INSERT INTO "Result" VALUES(164,7,4,3,90.0);
INSERT INTO "Result" VALUES(165,8,4,3,70.0);
INSERT INTO "Result" VALUES(166,9,4,3,4.8);
INSERT INTO "Result" VALUES(167,10,4,3,14.0);
INSERT INTO "Result" VALUES(168,11,4,3,16.0);
INSERT INTO "Result" VALUES(169,12,4,3,29.0);
INSERT INTO "Result" VALUES(170,1,4,4,121.0);
INSERT INTO "Result" VALUES(171,2,4,4,203.0);
INSERT INTO "Result" VALUES(172,3,4,4,25.0);
INSERT INTO "Result" VALUES(173,4,4,4,11.0);
INSERT INTO "Result" VALUES(174,5,4,4,6.6);
INSERT INTO "Result" VALUES(175,6,4,4,13.0);
INSERT INTO "Result" VALUES(176,7,4,4,90.0);
INSERT INTO "Result" VALUES(177,8,4,4,60.0);
INSERT INTO "Result" VALUES(178,9,4,4,4.6);
INSERT INTO "Result" VALUES(179,10,4,4,14.0);
INSERT INTO "Result" VALUES(180,11,4,4,16.0);
INSERT INTO "Result" VALUES(181,12,4,4,28.0);
INSERT INTO "Result" VALUES(182,1,4,5,74.0);
INSERT INTO "Result" VALUES(183,2,4,5,341.0);
INSERT INTO "Result" VALUES(184,3,4,5,15.0);
INSERT INTO "Result" VALUES(185,4,4,5,7.3);
INSERT INTO "Result" VALUES(186,5,4,5,4.3);
INSERT INTO "Result" VALUES(187,6,4,5,14.0);
INSERT INTO "Result" VALUES(188,7,4,5,90.0);
INSERT INTO "Result" VALUES(189,8,4,5,43.0);
INSERT INTO "Result" VALUES(190,9,4,5,2.2);
INSERT INTO "Result" VALUES(191,10,4,5,5.6);
INSERT INTO "Result" VALUES(192,11,4,5,4.7);
INSERT INTO "Result" VALUES(193,12,4,5,13.0);
INSERT INTO "Result" VALUES(194,1,5,1,105.0);
INSERT INTO "Result" VALUES(195,2,5,1,320.0);
INSERT INTO "Result" VALUES(196,3,5,1,135.0);
INSERT INTO "Result" VALUES(197,4,5,1,27.0);
INSERT INTO "Result" VALUES(198,5,5,1,5.7);
INSERT INTO "Result" VALUES(199,6,5,1,14.0);
INSERT INTO "Result" VALUES(200,7,5,1,111.0);
INSERT INTO "Result" VALUES(201,8,5,1,20.0);
INSERT INTO "Result" VALUES(202,1,5,2,110.0);
INSERT INTO "Result" VALUES(203,2,5,2,198.0);
INSERT INTO "Result" VALUES(204,3,5,2,148.0);
INSERT INTO "Result" VALUES(205,4,5,2,30.0);
INSERT INTO "Result" VALUES(206,5,5,2,6.8);
INSERT INTO "Result" VALUES(207,6,5,2,10.0);
INSERT INTO "Result" VALUES(208,7,5,2,114.0);
INSERT INTO "Result" VALUES(209,8,5,2,103.0);
INSERT INTO "Result" VALUES(210,1,5,3,128.0);
INSERT INTO "Result" VALUES(211,2,5,3,174.0);
INSERT INTO "Result" VALUES(212,3,5,3,49.0);
INSERT INTO "Result" VALUES(213,4,5,3,15.0);
INSERT INTO "Result" VALUES(214,5,5,3,8.4);
INSERT INTO "Result" VALUES(215,6,5,3,11.0);
INSERT INTO "Result" VALUES(216,7,5,3,99.0);
INSERT INTO "Result" VALUES(217,8,5,3,103.0);
INSERT INTO "Result" VALUES(218,1,5,4,130.0);
INSERT INTO "Result" VALUES(219,2,5,4,176.0);
INSERT INTO "Result" VALUES(220,3,5,4,29.0);
INSERT INTO "Result" VALUES(221,4,5,4,13.0);
INSERT INTO "Result" VALUES(222,5,5,4,8.6);
INSERT INTO "Result" VALUES(223,6,5,4,11.0);
INSERT INTO "Result" VALUES(224,7,5,4,94.0);
INSERT INTO "Result" VALUES(225,8,5,4,88.0);
INSERT INTO "Result" VALUES(226,9,5,4,4.5);
INSERT INTO "Result" VALUES(227,10,5,4,16.0);
INSERT INTO "Result" VALUES(228,11,5,4,23.0);
INSERT INTO "Result" VALUES(229,1,5,5,61.0);
INSERT INTO "Result" VALUES(230,2,5,5,277.0);
INSERT INTO "Result" VALUES(231,3,5,5,18.0);
INSERT INTO "Result" VALUES(232,4,5,5,8.3);
INSERT INTO "Result" VALUES(233,5,5,5,4.9);
INSERT INTO "Result" VALUES(234,6,5,5,11.0);
INSERT INTO "Result" VALUES(235,7,5,5,95.0);
INSERT INTO "Result" VALUES(236,8,5,5,45.0);
INSERT INTO "Result" VALUES(237,9,5,5,2.2);
INSERT INTO "Result" VALUES(238,10,5,5,5.5);
INSERT INTO "Result" VALUES(239,11,5,5,4.5);
INSERT INTO "Result" VALUES(240,1,5,6,55.0);
INSERT INTO "Result" VALUES(241,2,5,6,276.0);
INSERT INTO "Result" VALUES(242,3,5,6,17.0);
INSERT INTO "Result" VALUES(243,4,5,6,7.5);
INSERT INTO "Result" VALUES(244,5,5,6,4.0);
INSERT INTO "Result" VALUES(245,6,5,6,11.0);
INSERT INTO "Result" VALUES(246,7,5,6,94.0);
INSERT INTO "Result" VALUES(247,8,5,6,44.0);
INSERT INTO "Result" VALUES(248,9,5,6,2.1);
INSERT INTO "Result" VALUES(249,10,5,6,5.4);
INSERT INTO "Result" VALUES(250,11,5,6,4.4);
INSERT INTO "Result" VALUES(851,1,1,1,334.0);
INSERT INTO "Result" VALUES(852,2,1,1,735.0);
INSERT INTO "Result" VALUES(853,3,1,1,208.0);
INSERT INTO "Result" VALUES(854,4,1,1,47.0);
INSERT INTO "Result" VALUES(855,5,1,1,8.2);
INSERT INTO "Result" VALUES(856,6,1,1,29.0);
INSERT INTO "Result" VALUES(857,7,1,1,173.0);
INSERT INTO "Result" VALUES(858,8,1,1,87.0);
INSERT INTO "Result" VALUES(859,9,1,1,4.2);
INSERT INTO "Result" VALUES(860,10,1,1,10.0);
INSERT INTO "Result" VALUES(861,11,1,1,9.3);
INSERT INTO "Result" VALUES(862,12,1,1,23.0);
INSERT INTO "Result" VALUES(863,1,1,2,252.0);
INSERT INTO "Result" VALUES(864,2,1,2,422.0);
INSERT INTO "Result" VALUES(865,3,1,2,196.0);
INSERT INTO "Result" VALUES(866,4,1,2,46.0);
INSERT INTO "Result" VALUES(867,5,1,2,9.6);
INSERT INTO "Result" VALUES(868,6,1,2,22.0);
INSERT INTO "Result" VALUES(869,7,1,2,162.0);
INSERT INTO "Result" VALUES(870,8,1,2,188.0);
INSERT INTO "Result" VALUES(871,9,1,2,4.3);
INSERT INTO "Result" VALUES(872,10,1,2,10.0);
INSERT INTO "Result" VALUES(873,11,1,2,8.9);
INSERT INTO "Result" VALUES(874,12,1,2,23.0);
INSERT INTO "Result" VALUES(875,1,1,3,339.0);
INSERT INTO "Result" VALUES(876,2,1,3,371.0);
INSERT INTO "Result" VALUES(877,3,1,3,115.0);
INSERT INTO "Result" VALUES(878,4,1,3,39.0);
INSERT INTO "Result" VALUES(879,5,1,3,24.0);
INSERT INTO "Result" VALUES(880,6,1,3,22.0);
INSERT INTO "Result" VALUES(881,7,1,3,136.0);
INSERT INTO "Result" VALUES(882,8,1,3,219.0);
INSERT INTO "Result" VALUES(883,9,1,3,4.2);
INSERT INTO "Result" VALUES(884,10,1,3,10.0);
INSERT INTO "Result" VALUES(885,11,1,3,9.0);
INSERT INTO "Result" VALUES(886,12,1,3,23.0);
INSERT INTO "Result" VALUES(887,1,1,4,350.0);
INSERT INTO "Result" VALUES(888,2,1,4,367.0);
INSERT INTO "Result" VALUES(889,3,1,4,72.0);
INSERT INTO "Result" VALUES(890,4,1,4,34.0);
INSERT INTO "Result" VALUES(891,5,1,4,24.0);
INSERT INTO "Result" VALUES(892,6,1,4,22.0);
INSERT INTO "Result" VALUES(893,7,1,4,136.0);
INSERT INTO "Result" VALUES(894,8,1,4,178.0);
INSERT INTO "Result" VALUES(895,9,1,4,4.2);
INSERT INTO "Result" VALUES(896,10,1,4,10.0);
INSERT INTO "Result" VALUES(897,11,1,4,9.0);
INSERT INTO "Result" VALUES(898,12,1,4,23.0);
INSERT INTO "Result" VALUES(899,1,1,5,143.0);
INSERT INTO "Result" VALUES(900,2,1,5,564.0);
INSERT INTO "Result" VALUES(901,3,1,5,35.0);
INSERT INTO "Result" VALUES(902,4,1,5,14.0);
INSERT INTO "Result" VALUES(903,5,1,5,7.9);
INSERT INTO "Result" VALUES(904,6,1,5,22.0);
INSERT INTO "Result" VALUES(905,7,1,5,125.0);
INSERT INTO "Result" VALUES(906,8,1,5,92.0);
INSERT INTO "Result" VALUES(907,9,1,5,4.1);
INSERT INTO "Result" VALUES(908,10,1,5,10.0);
INSERT INTO "Result" VALUES(909,11,1,5,9.0);
INSERT INTO "Result" VALUES(910,12,1,5,24.0);
COMMIT;
