BEGIN TRANSACTION;
DELETE FROM sqlite_sequence;
INSERT INTO "sqlite_sequence" VALUES('Config',5);
INSERT INTO "sqlite_sequence" VALUES('Test',12);
INSERT INTO "sqlite_sequence" VALUES('Tag',6);
INSERT INTO "sqlite_sequence" VALUES('Result',26);
CREATE TABLE Config (id INTEGER PRIMARY KEY AUTOINCREMENT, name TEXT, owner TEXT, model TEXT, processor TEXT, processor_count INTEGER, memory INTEGER, os TEXT, compiler TEXT);
INSERT INTO "Config" VALUES(1,'khepri','Paul Gregory','Dell Precision Workstation 670','x86 Family 15 Model 4 Stepping 1, GenuineIntel ~3192MHz',2,1022,'Microsoft Windows XP Professional (5.1.2600 Service Pack 2 Build 2600)','Microsoft Visual Studio 2005 [Express Edition] (Version 8.0.50727.762 (SP.050727-7600))');
INSERT INTO "Config" VALUES(2,'trinity','Leon Tony Atkinson','Mac mini','PowerPC G4 (1.2), 1.42GHz',1,256,'Mac OSX 10.4.11 (8S165)','GCC Version 4.0.0 (Apple Computer, Inc. build 5026)');
INSERT INTO "Config" VALUES(3,'osiris','Paul Gregory','Dell Precision M50','Mobile Intel(R) Pentium(R) 4 - M CPU 2.00GHz (512KB cache)',1,768,'Linux version 2.6.24-23-generic (buildd@vernadsky)','gcc (GCC) 4.2.4 (Ubuntu 4.2.4-1ubuntu3)');
INSERT INTO "Config" VALUES(4,'niobe','Leon Tony Atkinson','Mac mini','Intel Core 2 Duo (1.8), 1.83GHz',2,2048,'Mac OSX 10.5.6 (9G55)','GCC Version 4.0.1');
INSERT INTO "Config" VALUES(5,'cuboctahedron','Chris Foster','Custom','AMD Athlon(tm) 64 Processor 3000+ (2000MHz)',1,1024,'64 bit linux (currently running kernel 2.6.25-gentoo-r5)','g++ (GCC) 4.1.2 (Gentoo 4.1.2 p1.1)');
CREATE TABLE Test (id INTEGER PRIMARY KEY AUTOINCREMENT, title TEXT, notes TEXT);
INSERT INTO "Test" VALUES(1,'capsules','This file comes from the jrMan distribution');
INSERT INTO "Test" VALUES(2,'makehuman','This file comes from the MakeHuman project');
INSERT INTO "Test" VALUES(3,'250mm','');
INSERT INTO "Test" VALUES(4,'25mm','');
INSERT INTO "Test" VALUES(5,'0mm','');
INSERT INTO "Test" VALUES(6,'killeroo','Model, textures and shaders courtesy of headus.');
INSERT INTO "Test" VALUES(7,'smoky','');
INSERT INTO "Test" VALUES(8,'petunia','Model courtesy of Macouno http://www.aliendesk.com, motion capture courtesy of http://www.mocapdata.com, exported from Blender using Mosaic.');
INSERT INTO "Test" VALUES(9,'depth complexity 10','');
INSERT INTO "Test" VALUES(10,'depth complexity 30','');
INSERT INTO "Test" VALUES(11,'depth complexity 100','');
INSERT INTO "Test" VALUES(12,'depth complexity rand','');
CREATE TABLE Tag (id INTEGER PRIMARY KEY AUTOINCREMENT, name TEXT);
INSERT INTO "Tag" VALUES(1,'1.2.0');
INSERT INTO "Tag" VALUES(2,'1.4.1');
INSERT INTO "Tag" VALUES(3,'Beaker-1');
INSERT INTO "Tag" VALUES(4,'Beaker-2');
INSERT INTO "Tag" VALUES(5,'Beaker-3');
INSERT INTO "Tag" VALUES(6,'Beaker-4');
CREATE TABLE Result (id INTEGER PRIMARY KEY AUTOINCREMENT, test_id INT REFERENCES Test(id) ON DELETE SET NULL, config_id INT REFERENCES Config(id) ON DELETE SET NULL, tag_id INT REFERENCES Tag(id) ON DELETE SET NULL, time REAL);
INSERT INTO "Result" VALUES(2,1,1,1,334.0);
INSERT INTO "Result" VALUES(3,2,1,1,735.0);
INSERT INTO "Result" VALUES(4,3,1,1,208.0);
INSERT INTO "Result" VALUES(5,4,1,1,47.0);
INSERT INTO "Result" VALUES(6,5,1,1,8.2);
INSERT INTO "Result" VALUES(7,6,1,1,29.0);
INSERT INTO "Result" VALUES(8,7,1,1,173.0);
INSERT INTO "Result" VALUES(9,8,1,1,87.0);
INSERT INTO "Result" VALUES(10,9,1,1,4.2);
INSERT INTO "Result" VALUES(11,10,1,1,10.0);
INSERT INTO "Result" VALUES(12,11,1,1,9.3);
INSERT INTO "Result" VALUES(13,12,1,1,23.0);
INSERT INTO "Result" VALUES(14,6,1,2,22.0);
INSERT INTO "Result" VALUES(15,1,1,2,252.0);
INSERT INTO "Result" VALUES(16,2,1,2,422.0);
INSERT INTO "Result" VALUES(17,3,1,2,196.0);
INSERT INTO "Result" VALUES(18,4,1,2,46.0);
INSERT INTO "Result" VALUES(19,5,1,2,9.6);
INSERT INTO "Result" VALUES(20,6,1,2,22.0);
INSERT INTO "Result" VALUES(21,7,1,2,162.0);
INSERT INTO "Result" VALUES(22,8,1,2,188.0);
INSERT INTO "Result" VALUES(23,9,1,2,4.3);
INSERT INTO "Result" VALUES(24,10,1,2,10.0);
INSERT INTO "Result" VALUES(25,11,1,2,8.9);
INSERT INTO "Result" VALUES(26,12,1,2,23.0);
COMMIT;
